,id,lat,lon,Name
0,54433,39.95,116.5,朝阳区
1,54514,39.87,116.25,丰台区
2,54513,39.95,116.2,石景山区
3,54399,39.98,116.28,海淀区
4,54505,39.92,116.12,门头沟区
5,54596,39.68,116.13,房山区
6,54431,39.92,116.63,通州区
7,54398,40.13,116.62,顺义区
8,54499,40.22,116.22,昌平区
9,54594,39.72,116.35,大兴区
10,54419,40.37,116.63,怀柔区
11,54424,40.17,117.12,平谷区
12,54416,40.38,116.87,密云县
13,54406,40.45,115.97,延庆县
14,54623,39.05,117.72,塘沽区
15,54530,39.23,117.77,汉沽区
16,54645,38.85,117.47,大港区
17,54526,39.08,117.33,东丽区
18,54622,38.98,117.37,津南区
19,54528,39.23,117.13,北辰区
20,54523,39.38,117.02,武清区
21,54525,39.73,117.28,宝坻区
22,54529,39.35,117.82,宁河县
23,54619,38.92,116.92,静海县
24,54428,40.03,117.4,蓟县
25,53693,38.03,114.13,井陉矿区
26,53691,38.15,114.57,正定县
27,53789,37.88,114.63,栾城县
28,53688,38.45,114.55,行唐县
29,53680,38.3,114.38,灵寿县
30,53790,37.6,114.62,高邑县
31,54621,38.18,115.18,深泽县
32,53795,37.65,114.37,赞皇县
33,53699,38.18,114.95,无极县
34,53694,38.27,114.22,平山县
35,53791,37.77,114.52,元氏县
36,53784,37.75,114.78,赵县
37,54701,37.93,115.2,辛集市
38,53697,38.03,114.83,藁城市
39,53689,38.02,115.07,晋州市
40,53695,38.35,114.68,新乐市
41,54533,39.55,118.12,丰南区
42,54532,39.8,118.1,丰润区
43,54531,39.73,118.72,滦县
44,54437,39.5,118.65,滦南县
45,54539,39.43,118.88,乐亭县
46,54434,40.17,118.3,迁西县
47,54522,39.88,117.73,玉田县
48,54535,39.28,118.45,唐海县
49,54429,40.2,117.95,遵化市
50,54439,40.02,118.72,迁安市
51,54436,40.4,118.95,青龙满族自治县
52,54540,39.72,119.17,昌黎县
53,54541,39.88,119.25,抚宁县
54,54438,39.88,118.87,卢龙县
55,53894,36.42,114.22,峰峰矿区
56,53773,36.33,114.62,临漳县
57,53996,36.45,114.7,成安县
58,54804,36.3,115.13,大名县
59,53886,36.57,113.67,涉县
60,53897,36.38,114.38,磁县
61,53980,36.55,114.8,肥乡县
62,53895,36.77,114.5,永年县
63,54820,36.82,115.17,邱县
64,54640,36.92,114.87,鸡泽县
65,53899,36.48,114.97,广平县
66,54809,36.55,115.28,馆陶县
67,53896,36.35,114.95,魏县
68,53893,36.77,114.95,曲周县
69,53890,36.68,114.15,武安市
70,53792,37.45,114.48,临城县
71,53785,37.52,114.67,柏乡县
72,53794,37.35,114.75,隆尧县
73,53883,37.13,114.7,任县
74,53891,37.02,114.68,南和县
75,53796,37.62,114.88,宁晋县
76,53799,37.22,115.03,巨鹿县
77,54633,37.52,115.23,新河县
78,54631,37.07,115.15,广宗县
79,54632,37.07,115.03,平乡县
80,54800,36.98,115.25,威县
81,54706,37.08,115.67,清河县
82,54801,36.85,115.48,临西县
83,54705,37.37,115.38,南宫市
84,53781,36.87,114.47,沙河市
85,54611,38.93,115.32,满城县
86,53690,38.85,114.18,阜平县
87,54601,39.02,115.65,徐水县
88,53692,38.73,114.98,唐县
89,54603,38.72,115.77,高阳县
90,54503,39.05,115.85,容城县
91,53599,39.37,114.68,涞源县
92,54607,38.72,115.12,望都县
93,54605,38.93,115.93,安新县
94,54507,39.35,115.5,易县
95,53682,38.63,114.68,曲阳县
96,54620,38.48,115.57,蠡县
97,53596,38.83,115.15,顺平县
98,54636,39.02,116.1,雄县
99,54502,39.48,116.03,涿州市
100,53696,38.52,115.0,定州市
101,54604,38.42,115.33,安国市
102,54506,39.33,115.85,高碑店市
103,53498,40.57,115.03,宣化区
104,53399,41.15,114.7,张北县
105,53392,41.85,114.6,康保县
106,54301,41.67,115.67,沽源县
107,53397,41.1,113.98,尚义县
108,53593,39.83,114.57,蔚县
109,53492,40.1,114.15,阳原县
110,53491,40.68,114.4,怀安县
111,53499,40.77,114.73,万全县
112,54405,40.4,115.5,怀来县
113,54408,40.38,115.22,涿鹿县
114,54404,40.9,115.83,赤城县
115,54304,40.97,115.28,崇礼县
116,54430,40.77,118.15,承德县
117,54425,40.42,117.48,兴隆县
118,54319,41.0,118.67,平泉县
119,54420,40.93,117.33,滦平县
120,54318,41.32,117.73,隆化县
121,54308,41.22,116.63,丰宁满族自治县
122,54432,40.6,118.48,宽城满族自治县
123,54311,41.93,117.75,围场满族蒙古族自治县
124,54615,38.58,116.83,青县
125,54713,37.88,116.53,东光县
126,54628,38.15,117.48,海兴县
127,54627,38.03,117.23,盐山县
128,54626,38.42,115.82,肃宁县
129,54719,38.03,116.68,南皮县
130,54717,37.63,116.4,吴桥县
131,54617,38.18,116.12,献县
132,54644,38.05,117.12,孟村回族自治县
133,54618,38.08,116.55,泊头市
134,54610,38.73,116.1,任丘市
135,54624,38.37,117.35,黄骅市
136,54614,38.45,116.08,河间市
137,54512,39.43,116.28,固安县
138,54519,39.3,116.48,永清县
139,54521,39.77,116.98,香河县
140,54613,38.7,116.62,大城县
141,54612,38.87,116.45,文安县
142,54510,39.9,116.98,大厂回族自治县
143,54518,39.12,116.38,霸州市
144,54520,39.97,117.08,三河市
145,54708,37.5,115.73,枣强县
146,54703,37.8,115.88,武邑县
147,54700,38.03,115.98,武强县
148,54606,38.23,115.73,饶阳县
149,54609,38.23,115.52,安平县
150,54707,37.35,115.98,故城县
151,54711,37.7,116.28,景县
152,54710,37.87,116.17,阜城县
153,54704,37.55,115.57,冀州市
154,54608,38.0,115.55,深州市
155,53774,37.62,112.33,清徐县
156,53678,38.07,112.67,阳曲县
157,53669,38.08,111.8,娄烦县
158,53486,40.37,113.77,阳高县
159,53490,40.43,114.05,天镇县
160,53590,39.75,114.27,广灵县
161,53582,39.72,113.68,浑源县
162,53573,40.0,112.7,左云县
163,53488,40.03,113.58,大同县
164,53687,37.78,113.63,平定县
165,53685,38.07,113.42,盂县
166,53879,36.32,112.88,屯留县
167,53888,36.2,113.43,平顺县
168,53878,36.52,113.38,黎城县
169,53885,36.13,113.2,壶关县
170,53873,36.12,112.87,长子县
171,53871,36.83,112.85,武乡县
172,53872,36.77,112.68,沁县
173,53875,36.52,112.35,沁源县
174,53880,36.33,113.23,潞城市
175,53970,35.7,112.2,沁水县
176,53975,35.48,112.4,阳城县
177,53981,35.78,113.27,陵川县
178,53973,35.77,112.95,高平市
179,53574,39.52,112.27,平鲁区
180,53576,39.5,112.82,山阴县
181,53584,39.57,113.17,应县
182,53478,40.0,112.45,右玉县
183,53580,39.82,113.1,怀仁县
184,53787,37.07,112.98,榆社县
185,53786,37.08,113.37,左权县
186,53788,37.33,113.57,和顺县
187,53783,37.6,113.7,昔阳县
188,53780,37.9,113.17,寿阳县
189,53775,37.43,112.53,太谷县
190,53770,37.35,112.35,祁县
191,53778,37.17,112.22,平遥县
192,53862,36.83,111.77,灵石县
193,53863,37.03,111.92,介休市
194,53958,35.13,110.78,临猗县
195,53956,35.4,110.83,万荣县
196,53967,35.33,111.2,闻喜县
197,53954,35.62,110.97,稷山县
198,53964,35.62,111.22,新绛县
199,53965,35.52,111.57,绛县
200,53968,35.28,111.67,垣曲县
201,57060,35.17,111.23,夏县
202,57061,34.83,111.2,平陆县
203,57053,34.7,110.72,芮城县
204,57052,34.88,110.45,永济市
205,53957,35.62,110.72,河津市
206,53676,38.5,112.98,定襄县
207,53579,39.02,112.9,代县
208,53585,39.17,113.27,繁峙县
209,53577,39.0,112.3,宁武县
210,53666,38.35,111.93,静乐县
211,53575,39.1,112.2,神池县
212,53663,38.92,111.82,五寨县
213,53662,38.72,111.58,岢岚县
214,53564,39.38,111.15,河曲县
215,53660,39.02,111.08,保德县
216,53565,39.43,111.5,偏关县
217,53673,38.73,112.72,原平市
218,53961,35.65,111.48,曲沃县
219,53962,35.73,111.7,翼城县
220,53861,35.88,111.42,襄汾县
221,53866,36.23,111.67,洪洞县
222,53874,36.25,111.9,古县
223,53877,36.17,112.25,安泽县
224,53966,35.98,111.83,浮山县
225,53859,36.1,110.67,吉县
226,53953,35.97,110.85,乡宁县
227,53856,36.47,110.75,大宁县
228,53853,36.7,110.95,隰县
229,53852,36.77,110.63,永和县
230,53864,36.4,111.1,蒲县
231,53865,36.65,111.55,汾西县
232,53963,35.65,111.37,侯马市
233,53869,36.58,111.7,霍州市
234,53771,37.45,112.05,文水县
235,53777,37.53,112.15,交城县
236,53664,38.47,111.13,兴县
237,53659,37.97,111.0,临县
238,53753,37.43,110.88,柳林县
239,53759,36.98,110.83,石楼县
240,53665,38.28,111.65,岚县
241,53760,37.88,111.23,方山县
242,53767,37.33,111.17,中阳县
243,53860,36.98,111.17,交口县
244,53768,37.15,111.75,孝义市
245,53769,37.25,111.78,汾阳市
246,53464,40.68,111.15,土默特左旗
247,53467,40.27,111.18,托克托县
248,53469,40.4,111.82,和林格尔县
249,53562,39.92,111.67,清水河县
250,53368,41.08,111.47,武川县
251,54122,43.88,120.05,阿鲁科尔沁旗
252,54027,43.98,119.4,巴林左旗
253,54113,43.53,118.65,巴林右旗
254,54115,43.6,118.07,林西县
255,54117,43.25,117.53,克什克腾旗
256,54213,42.93,119.02,翁牛特旗
257,54313,41.93,118.7,喀喇沁旗
258,54320,41.6,119.35,宁城县
259,54225,42.28,119.92,敖汉旗
260,54134,43.6,121.28,开鲁县
261,54234,42.73,121.75,库伦旗
262,54223,42.85,120.65,奈曼旗
263,54026,44.57,120.9,扎鲁特旗
264,50924,45.53,119.67,霍林郭勒市
265,53457,40.4,110.03,达拉特旗
266,53553,39.87,111.22,准格尔旗
267,53730,38.18,107.48,鄂托克前旗
268,53529,39.1,107.98,鄂托克旗
269,53533,39.85,108.73,杭锦旗
270,53644,38.6,108.83,乌审旗
271,53545,39.57,109.73,伊金霍洛旗
272,50527,49.22,119.75,海拉尔区
273,50647,48.13,123.48,阿荣旗
274,50525,49.15,119.75,鄂温克族自治旗
275,50524,49.32,119.43,陈巴尔虎旗
276,50618,48.22,118.27,新巴尔虎左旗
277,50603,48.67,116.82,新巴尔虎右旗
278,50514,49.57,117.43,满洲里市
279,50526,49.28,120.7,牙克石市
280,50639,48.0,122.73,扎兰屯市
281,50425,50.25,120.18,额尔古纳市
282,50431,50.78,121.52,根河市
283,53513,40.75,107.42,临河区
284,53337,41.1,108.27,五原县
285,53419,40.33,107.0,磴口县
286,53433,40.73,108.65,乌拉特前旗
287,53336,41.57,108.52,乌拉特中旗
288,53324,41.07,107.05,乌拉特后旗
289,53420,40.85,107.12,杭锦后旗
290,53480,41.03,113.07,集宁区
291,53472,40.87,112.57,卓资县
292,53391,41.9,114.0,化德县
293,53385,41.57,113.55,商都县
294,53483,40.88,113.87,兴和县
295,53475,40.52,112.52,凉城县
296,53362,41.53,111.68,四子王旗
297,53484,40.45,113.15,丰镇市
298,50838,46.08,122.05,乌兰浩特市
299,50727,47.17,119.93,阿尔山市
300,50937,45.05,121.47,科尔沁右翼中旗
301,50833,46.72,122.9,扎赉特旗
302,50934,45.38,121.58,突泉县
303,53068,43.65,111.97,二连浩特市
304,54102,43.95,116.12,锡林浩特市
305,53192,44.02,114.95,阿巴嘎旗
306,53195,43.87,113.63,苏尼特左旗
307,53272,42.75,112.63,苏尼特右旗
308,50915,45.52,116.97,东乌珠穆沁旗
309,54012,44.58,117.6,西乌珠穆沁旗
310,54305,41.88,115.27,太仆寺旗
311,53289,42.23,113.83,镶黄旗
312,54204,42.3,115.0,正镶白旗
313,54205,42.23,116.0,正蓝旗
314,54208,42.18,116.47,多伦县
315,53602,38.83,105.67,阿拉善左旗
316,52267,41.95,101.07,额济纳旗
317,54340,41.67,123.32,苏家屯区
318,54248,42.03,123.53,新城子区
319,54332,41.52,122.72,辽中县
320,54244,42.75,123.33,康平县
321,54245,42.5,123.4,法库县
322,54333,41.98,122.83,新民市
323,54660,38.82,121.23,旅顺口区
324,54568,39.08,121.7,金州区
325,54579,39.27,122.58,长海县
326,54563,39.63,122.02,瓦房店市
327,54569,39.4,121.97,普兰店市
328,54584,39.72,122.95,庄河市
329,54336,41.38,122.43,台安县
330,54486,40.28,123.28,岫岩满族自治县
331,54472,40.88,122.72,海城市
332,54353,41.73,125.05,新宾满族自治县
333,54259,42.1,124.92,清原满族自治县
334,54365,41.28,125.35,桓仁满族自治县
335,54493,40.72,124.78,宽甸满族自治县
336,54590,39.88,124.17,东港市
337,54494,40.47,124.07,凤城市
338,54335,41.68,122.08,黑山县
339,54334,41.52,121.23,义县
340,54330,41.17,121.37,凌海市
341,54331,41.58,121.77,北宁市
342,54474,40.42,122.35,盖州市
343,54475,40.62,122.48,大石桥市
344,54236,42.42,122.53,彰武县
345,54348,41.42,123.32,灯塔市
346,54470,41.02,122.07,大洼县
347,54338,41.28,121.95,盘山县
348,54252,42.73,124.75,西丰县
349,54243,42.78,124.12,昌图县
350,54254,42.53,124.05,开原市
351,54326,41.38,119.7,建平县
352,54323,41.82,120.75,北票市
353,54327,41.23,119.35,凌源市
354,54453,40.78,120.88,连山区
355,54454,40.35,120.35,绥中县
356,54452,40.8,119.82,建昌县
357,54455,40.58,120.7,兴城市
358,54285,42.42,128.12,二道区
359,54165,43.55,125.63,双阳区
360,54064,44.38,125.15,农安县
361,54069,44.17,125.8,九台市
362,54072,44.85,126.52,榆树市
363,54065,44.53,125.65,德惠市
364,54171,43.7,126.52,永吉县
365,54181,43.7,127.33,蛟河市
366,54273,42.98,126.75,桦甸市
367,54076,44.42,126.93,舒兰市
368,54263,42.97,126.05,磐石市
369,54154,43.35,124.3,梨树县
370,54164,43.35,125.28,伊通满族自治县
371,54156,43.52,124.8,公主岭市
372,54142,43.5,123.53,双辽市
373,54261,42.68,125.45,东丰县
374,54274,42.68,126.07,辉南县
375,54267,42.25,125.73,柳河县
376,54266,42.53,125.63,梅河口市
377,54377,41.1,126.15,集安市
378,54276,42.35,126.82,靖宇县
379,54386,41.42,128.18,长白朝鲜族自治县
380,54279,42.03,126.35,江源县
381,54374,41.8,126.92,临江市
382,50949,45.08,124.87,前郭尔罗斯蒙古族自治
383,54049,44.25,123.97,长岭县
384,50948,45.0,124.02,乾安县
385,54063,44.97,126.0,扶余县
386,50940,45.85,123.17,镇赉县
387,54041,44.8,123.07,通榆县
388,50939,45.33,122.82,洮南市
389,50945,45.5,124.27,大安市
390,54292,42.87,129.5,延吉市
391,54293,42.95,129.83,图们市
392,54186,43.37,128.2,敦化市
393,54291,42.9,130.28,珲春市
394,54290,42.77,129.4,龙井市
395,54286,42.53,129.0,和龙市
396,54195,43.3,129.78,汪清县
397,54187,43.12,128.92,安图县
398,50956,45.88,126.58,呼兰区
399,50877,46.3,129.58,依兰县
400,50964,45.83,128.8,方正县
401,50960,45.78,127.45,宾县
402,50867,46.08,127.35,巴彦县
403,50962,45.95,128.03,木兰县
404,50963,45.97,128.73,通河县
405,50965,45.45,128.3,延寿县
406,50958,45.52,126.95,阿城市
407,50955,45.38,126.3,双城市
408,50968,45.22,127.97,尚志市
409,54080,44.9,127.15,五常市
410,50739,47.33,123.18,龙江县
411,50750,47.9,125.3,依安县
412,50844,46.4,123.42,泰来县
413,50741,47.93,123.5,甘南县
414,50742,47.8,124.48,富裕县
415,50658,48.05,125.88,克山县
416,50659,48.03,126.25,克东县
417,50755,47.6,126.1,拜泉县
418,50646,48.48,124.85,讷河市
419,50987,45.25,131.13,鸡东县
420,50983,45.77,132.97,虎林市
421,50985,45.55,131.87,密山市
422,50775,47.33,130.27,鹤岗市
423,50776,47.57,130.83,萝北县
424,50787,47.28,131.85,绥滨县
425,50880,46.73,131.12,集贤县
426,50888,46.32,132.18,宝清县
427,50892,46.8,134.0,饶河县
428,50950,45.7,125.25,肇州县
429,50954,45.5,125.08,肇源县
430,50749,47.18,124.83,林甸县
431,50772,48.1,129.23,五营区
432,50674,48.57,129.43,乌伊岭区
433,50673,48.88,130.4,嘉荫县
434,50862,46.98,128.02,铁力市
435,50879,46.22,130.55,桦南县
436,50878,47.0,130.72,桦川县
437,50871,46.73,129.88,汤原县
438,50779,48.37,134.28,抚远县
439,50778,47.67,132.53,同江市
440,50788,47.23,131.98,富锦市
441,50973,45.75,130.58,勃利县
442,54099,44.08,131.13,东宁县
443,50979,45.27,130.23,林口县
444,54096,44.38,131.17,绥芬河市
445,54092,44.6,129.4,海林市
446,54098,44.33,129.47,宁安市
447,54093,44.93,130.55,穆棱市
448,50468,50.25,127.45,爱辉区
449,50557,49.17,125.23,嫩江县
450,50566,49.55,128.47,逊克县
451,50564,49.43,127.35,孙吴县
452,50656,48.28,126.52,北安市
453,50655,48.5,126.18,五大连池市
454,50853,46.62,126.97,北林区
455,50852,46.87,126.48,望奎县
456,50859,46.25,126.27,兰西县
457,50851,46.68,126.1,青冈县
458,50861,46.88,127.48,庆安县
459,50758,47.18,125.9,明水县
460,50767,47.23,127.1,绥棱县
461,50854,46.38,125.32,安达市
462,50858,46.07,125.98,肇东市
463,50756,47.43,126.97,海伦市
464,50353,51.72,126.65,呼玛县
465,50246,52.35,124.72,塔河县
466,50136,52.97,122.52,漠河县
467,58361,31.1,121.37,闵行区
468,58362,31.4,121.45,宝山区
469,58365,31.37,121.25,嘉定区
470,58370,31.23,121.53,浦东新区
471,58460,30.75,121.35,金山区
472,58462,31.03,121.23,松江区
473,58461,31.13,121.12,青浦区
474,58369,31.05,121.78,南汇区
475,58463,30.93,121.48,奉贤区
476,58366,31.63,121.4,崇明县
477,58237,32.05,118.62,浦口区
478,58333,31.93,118.9,江宁区
479,58235,32.35,118.83,六合区
480,58340,31.65,119.03,溧水县
481,58339,31.33,118.9,高淳县
482,58351,31.9,120.3,江阴市
483,58346,31.33,119.82,宜兴市
484,58012,34.68,116.58,丰县
485,58013,34.72,116.92,沛县
486,58130,33.88,117.92,睢宁县
487,58035,34.35,118.35,新沂市
488,58026,34.3,117.95,邳州市
489,58343,31.88,119.98,常州市
490,58345,31.43,119.48,溧阳市
491,58342,31.72,119.55,金坛市
492,58349,31.16,120.38,吴中区
493,58352,31.65,120.77,常熟市
494,58353,31.87,120.57,张家港市
495,58356,31.4,121.0,昆山市
496,58359,31.17,120.63,吴江市
497,58377,31.47,121.1,太仓市
498,58254,32.52,120.45,海安县
499,58264,32.33,121.18,如东县
500,58269,31.78,121.65,启东市
501,58255,32.37,120.57,如皋市
502,58268,32.1,121.08,通州市
503,58360,31.92,121.2,海门市
504,58040,34.83,119.12,赣榆县
505,58036,34.52,118.73,东海县
506,58047,34.3,119.23,灌云县
507,58048,34.12,119.35,灌南县
508,58145,33.53,119.17,楚州区
509,58140,33.78,119.27,涟水县
510,58139,33.3,118.88,洪泽县
511,58138,32.98,118.52,盱眙县
512,58147,32.98,118.97,金湖县
513,58045,34.2,119.57,响水县
514,58049,34.03,119.82,滨海县
515,58143,33.8,119.85,阜宁县
516,58150,33.77,120.25,射阳县
517,58146,33.48,119.8,建湖县
518,58251,32.85,120.28,东台市
519,58158,33.2,120.48,大丰市
520,58148,33.23,119.3,宝应县
521,58242,32.28,119.17,仪征市
522,58241,32.8,119.45,高邮市
523,58244,32.45,119.57,江都市
524,58252,32.11,119.28,丹徒区
525,58341,31.98,119.58,丹阳市
526,58247,32.25,119.82,扬中市
527,58344,31.95,119.17,句容市
528,58243,32.93,119.83,兴化市
529,58257,32.0,120.27,靖江市
530,58249,32.17,120.0,泰兴市
531,58250,32.52,120.15,姜堰市
532,58131,33.98,118.27,宿豫区
533,58038,34.1,118.75,沭阳县
534,58132,33.7,118.72,泗阳县
535,58135,33.48,118.22,泗洪县
536,58459,30.18,120.28,萧山区
537,58542,29.82,119.68,桐庐县
538,58543,29.62,119.02,淳安县
539,58544,29.48,119.27,建德市
540,58449,30.05,119.95,富阳市
541,58448,30.3,119.73,临安市
542,58563,29.97,121.75,北仑区
543,58561,29.59,121.36,镇海区
544,58566,29.28,121.53,象山县
545,58567,29.32,121.43,宁海县
546,58468,30.05,121.17,余姚市
547,58467,30.2,121.27,慈溪市
548,58565,29.68,121.43,奉化市
549,58760,27.83,121.15,洞头县
550,58658,28.15,120.68,永嘉县
551,58751,27.68,120.57,平阳县
552,58750,27.78,120.08,文成县
553,58746,27.55,119.7,泰顺县
554,58752,27.78,120.65,瑞安市
555,58656,28.12,120.97,乐清市
556,58451,30.83,120.93,嘉善县
557,58458,30.53,120.9,海盐县
558,58455,30.52,120.65,海宁市
559,58464,30.62,121.08,平湖市
560,58456,30.63,120.52,桐乡市
561,58450,30.85,120.08,湖州市
562,58454,30.53,119.97,德清县
563,58443,30.98,119.88,长兴县
564,58446,30.63,119.68,安吉县
565,58555,29.52,120.88,新昌县
566,58550,29.7,120.25,诸暨市
567,58553,30.05,120.82,上虞市
568,58556,29.6,120.82,嵊州市
569,58642,28.88,119.8,武义县
570,58546,29.47,119.88,浦江县
571,58560,29.03,120.26,磐安县
572,58548,29.22,119.47,兰溪市
573,58557,29.32,120.07,义乌市
574,58558,29.27,120.22,东阳市
575,58643,28.9,120.03,永康市
576,58631,28.9,118.5,常山县
577,58537,29.13,118.4,开化县
578,58547,29.03,119.18,龙游县
579,58632,28.72,118.6,江山市
580,58477,30.03,122.1,定海区
581,58570,29.95,122.3,普陀区
582,58484,30.25,122.2,岱山县
583,58472,30.73,122.45,嵊泗县
584,58667,28.08,121.27,玉环县
585,58568,29.12,121.38,三门县
586,58559,29.17,120.98,天台县
587,58652,28.87,120.72,仙居县
588,58664,28.37,121.37,温岭市
589,58660,28.85,121.13,临海市
590,58657,28.15,120.28,青田县
591,58654,28.67,120.08,缙云县
592,58644,28.6,119.28,遂昌县
593,58742,28.12,119.55,云和县
594,58745,27.62,119.07,庆元县
595,58647,28.07,119.13,龙泉市
596,58220,32.47,117.15,长丰县
597,58323,31.88,117.47,肥东县
598,58320,31.73,117.13,肥西县
599,58338,31.15,118.58,芜湖县
600,58337,31.08,118.18,繁昌县
601,58431,30.92,118.32,南陵县
602,58127,32.98,117.2,怀远县
603,58129,33.13,117.87,五河县
604,58128,33.32,117.3,固镇县
605,58212,32.72,116.73,凤台县
606,58335,31.55,118.48,当涂县
607,58113,33.93,116.78,濉溪县
608,58416,30.75,116.82,怀宁县
609,58420,30.72,117.22,枞阳县
610,58415,30.63,116.58,潜山县
611,58414,30.45,116.3,太湖县
612,58417,30.17,116.13,宿松县
613,58418,30.13,116.7,望江县
614,58317,30.87,116.37,岳西县
615,58319,31.07,116.95,桐城市
616,58531,29.72,118.28,屯溪区
617,58530,29.87,118.43,歙县
618,58534,29.78,118.18,休宁县
619,58523,29.93,117.93,黟县
620,58520,29.85,117.72,祁门县
621,58234,32.47,118.42,来安县
622,58230,32.08,118.27,全椒县
623,58225,32.53,117.67,定远县
624,58222,32.85,117.55,凤阳县
625,58240,32.68,119.02,天长市
626,58223,32.78,117.98,明光市
627,58107,33.07,115.25,临泉县
628,58109,33.18,115.62,太和县
629,58202,32.63,115.58,阜南县
630,58210,32.65,116.23,颍上县
631,58108,33.27,115.37,界首市
632,58122,33.63,116.98,宿州市
633,58015,34.43,116.33,砀山县
634,58016,34.18,116.97,萧县
635,58125,33.55,117.55,灵璧县
636,58126,33.47,117.87,泗县
637,58326,31.62,117.87,巢湖市
638,58327,31.25,117.28,庐江县
639,58329,31.3,117.9,无为县
640,58330,31.75,118.08,含山县
641,58331,31.73,118.37,和县
642,58215,32.55,116.78,寿县
643,58214,32.33,116.28,霍邱县
644,58316,31.47,116.95,舒城县
645,58306,31.68,115.88,金寨县
646,58314,31.4,116.32,霍山县
647,58114,33.48,116.2,涡阳县
648,58118,33.28,116.55,蒙城县
649,58117,33.13,116.2,利辛县
650,58419,30.1,117.02,东至县
651,58428,30.22,117.48,石台县
652,58421,30.63,117.87,青阳县
653,58442,31.13,119.18,郎溪县
654,58441,30.88,119.42,广德县
655,58432,30.68,118.4,泾县
656,58438,30.08,118.58,绩溪县
657,58435,30.3,118.53,旌德县
658,58436,30.62,118.98,宁国市
659,58844,26.15,119.15,闽侯县
660,58848,26.2,119.55,连江县
661,58845,26.5,119.53,罗源县
662,58839,26.23,118.85,闽清县
663,58932,25.87,118.93,永泰县
664,58944,25.52,119.78,平潭县
665,58942,25.72,119.38,福清市
666,58941,25.97,119.5,长乐市
667,59130,24.73,118.15,同安区
668,58938,25.23,118.98,秀屿区
669,58936,25.37,118.7,仙游县
670,58824,26.4,117.15,明溪县
671,58819,26.17,116.8,清流县
672,58818,26.23,116.63,宁化县
673,58923,25.7,117.83,大田县
674,58837,26.17,118.15,尤溪县
675,58826,26.4,117.8,沙县
676,58821,26.73,117.47,将乐县
677,58820,26.9,117.17,泰宁县
678,58822,26.83,116.85,建宁县
679,58921,25.97,117.35,永安市
680,58929,25.07,118.15,安溪县
681,58934,25.33,118.27,永春县
682,58935,25.48,118.23,德化县
683,59137,24.82,118.57,晋江市
684,59131,24.97,118.37,南安市
685,59126,24.5,117.65,漳州市
686,59322,23.98,117.37,云霄县
687,59129,24.13,117.6,漳浦县
688,59320,23.77,117.13,诏安县
689,59122,24.62,117.75,长泰县
690,59321,23.78,117.5,东山县
691,59124,24.52,117.37,南靖县
692,59125,24.38,117.32,平和县
693,58928,25.02,117.53,华安县
694,59127,24.43,117.83,龙海市
695,58823,26.8,117.8,顺昌县
696,58731,27.92,118.53,浦城县
697,58724,27.52,117.3,光泽县
698,58735,27.52,118.8,松溪县
699,58736,27.37,118.82,政和县
700,58725,27.33,117.47,邵武市
701,58730,27.77,118.03,武夷山市
702,58737,27.05,118.32,建瓯市
703,58734,27.33,118.12,建阳市
704,58911,25.85,116.37,长汀县
705,59113,24.73,116.72,永定县
706,58918,25.05,116.42,上杭县
707,58917,25.08,116.1,武平县
708,58912,25.72,116.75,连城县
709,58926,25.3,117.42,漳平市
710,58843,26.88,120.02,霞浦县
711,58836,26.58,118.73,古田县
712,58933,26.92,118.98,屏南县
713,58744,27.45,119.42,寿宁县
714,58747,27.15,119.35,周宁县
715,58749,27.23,119.88,柘荣县
716,58748,27.1,119.65,福安市
717,58754,27.33,120.2,福鼎市
718,58607,28.55,115.95,南昌县
719,58693,28.7,115.83,新建县
720,58602,28.85,115.55,安义县
721,58614,28.38,116.27,进贤县
722,58524,29.22,117.13,浮梁县
723,58620,28.97,117.13,乐平市
724,57789,27.13,113.95,莲花县
725,57783,27.53,113.49,上栗县
726,57794,27.38,114.01,芦溪县
727,58506,29.58,115.98,庐山区
728,58505,29.37,115.54,九江县
729,58507,29.25,115.12,武宁县
730,57598,29.03,114.58,修水县
731,58509,29.05,115.82,永修县
732,58508,29.33,115.77,德安县
733,58514,29.45,116.05,星子县
734,58517,29.27,116.2,都昌县
735,58510,29.73,116.23,湖口县
736,58512,29.9,116.55,彭泽县
737,58503,29.68,115.67,瑞昌市
738,57792,27.82,114.68,分宜县
739,58616,28.2,116.82,余江县
740,58626,28.3,117.22,贵溪市
741,57993,25.87,115.0,赣县
742,57995,25.4,114.93,信丰县
743,57994,25.4,114.35,大余县
744,57991,25.8,114.55,上犹县
745,57990,25.7,114.3,崇义县
746,58907,25.15,115.4,安远县
747,59092,24.92,114.82,龙南县
748,59093,24.78,115.03,定南县
749,59091,24.75,114.53,全南县
750,58806,26.48,116.02,宁都县
751,58905,25.97,115.42,于都县
752,58804,26.35,115.35,兴国县
753,58906,25.6,115.8,会昌县
754,59102,24.95,115.65,寻乌县
755,58814,26.35,116.35,石城县
756,58903,25.9,116.03,瑞金市
757,57992,25.67,114.75,南康市
758,57799,27.05,114.92,吉安县
759,58707,27.22,115.13,吉水县
760,58704,27.62,115.35,峡江县
761,58701,27.77,115.4,新干县
762,58705,27.33,115.42,永丰县
763,57899,26.8,114.92,泰和县
764,57896,26.33,114.5,遂川县
765,57895,26.47,114.78,万安县
766,57798,27.4,114.6,安福县
767,57891,26.93,114.25,永新县
768,57894,26.58,114.17,井冈山市
769,58601,28.7,115.38,奉新县
770,57698,28.12,114.45,万载县
771,57699,28.23,114.92,上高县
772,57696,28.4,114.78,宜丰县
773,58600,28.87,115.37,靖安县
774,57694,28.53,114.38,铜鼓县
775,58609,28.22,115.82,丰城市
776,58608,28.07,115.55,樟树市
777,58605,28.42,115.38,高安市
778,58619,28.0,116.37,临川区
779,58715,27.58,116.65,南城县
780,58719,27.3,116.93,黎川县
781,58718,27.22,116.53,南丰县
782,58710,27.77,116.05,崇仁县
783,58706,27.43,115.83,乐安县
784,58714,27.55,116.22,宜黄县
785,58712,27.92,116.78,金溪县
786,58713,27.72,117.07,资溪县
787,58618,28.23,116.6,东乡县
788,58813,26.85,116.33,广昌县
789,58635,28.43,118.2,广丰县
790,58634,28.68,118.25,玉山县
791,58629,28.32,117.7,铅山县
792,58625,28.42,117.6,横峰县
793,58624,28.4,117.43,弋阳县
794,58612,28.7,116.68,余干县
795,58615,28.68,117.08,万年县
796,58529,29.27,117.85,婺源县
797,58622,28.95,117.58,德兴市
798,54816,36.62,116.78,长清区
799,54818,36.28,116.43,平阴县
800,54821,36.98,117.12,济阳县
801,54724,37.33,117.17,商河县
802,54727,36.7,117.55,章丘市
803,54853,36.17,120.42,崂山区
804,54849,36.27,120.0,胶州市
805,54855,36.38,120.47,即墨市
806,54842,36.77,119.93,平度市
807,54943,35.88,120.0,胶南市
808,54851,36.9,120.55,莱西市
809,54824,36.63,117.95,淄川区
810,54825,36.52,117.83,博山区
811,54834,36.83,118.3,临淄区
812,54829,36.77,117.87,周村区
813,54833,36.98,118.08,桓台县
814,54729,37.18,117.85,高青县
815,54836,36.18,118.15,沂源县
816,58021,34.78,117.28,薛城区
817,58022,34.77,117.8,峄城区
818,58025,34.57,117.73,台儿庄区
819,54927,35.12,117.13,滕州市
820,54732,37.87,118.52,河口区
821,54744,37.6,118.53,垦利县
822,54731,37.48,118.22,利津县
823,54738,37.05,118.35,广饶县
824,54764,37.5,121.25,福山区
825,54766,37.38,121.42,牟平区
826,54751,37.93,120.72,长岛县
827,54753,37.62,120.32,龙口市
828,54852,36.97,120.73,莱阳市
829,54749,37.18,119.93,莱州市
830,54752,37.8,120.77,蓬莱市
831,54755,37.37,120.38,招远市
832,54759,37.3,120.82,栖霞市
833,54863,36.77,121.18,海阳市
834,54835,36.5,118.55,临朐县
835,54837,36.7,118.83,昌乐县
836,54831,36.7,118.47,青州市
837,54848,35.98,119.42,诸城市
838,54832,36.88,118.72,寿光市
839,54844,36.42,119.17,安丘市
840,54846,36.38,119.72,高密市
841,54841,36.87,119.4,昌邑市
842,58020,34.85,117.13,微山县
843,54907,34.98,116.65,鱼台县
844,54917,35.12,116.32,金乡县
845,54921,35.47,116.43,嘉祥县
846,54912,35.72,116.48,汶上县
847,54920,35.65,117.3,泗水县
848,54910,35.8,116.08,梁山县
849,54918,35.6,116.98,曲阜市
850,54916,35.57,116.85,兖州市
851,54919,35.42,116.98,邹城市
852,54826,36.25,117.1,泰山区
853,54913,35.75,116.82,宁阳县
854,54911,35.93,116.45,东平县
855,54922,35.88,117.78,新泰市
856,54819,36.18,116.8,肥城市
857,54777,37.22,122.07,文登市
858,54778,37.17,122.48,荣成市
859,54861,36.93,121.53,乳山市
860,54940,35.75,119.2,五莲县
861,54936,35.58,118.83,莒县
862,54935,35.53,118.47,沂南县
863,58034,34.6,118.32,郯城县
864,54932,35.78,118.68,沂水县
865,58030,34.9,118.1,苍山县
866,54929,35.25,117.95,费县
867,54925,35.5,117.62,平邑县
868,54939,35.25,118.83,莒南县
869,54923,35.72,117.92,蒙阴县
870,58032,34.93,118.65,临沭县
871,54715,37.33,116.57,陵县
872,54716,37.65,116.8,宁津县
873,54728,37.77,117.38,庆云县
874,54712,37.2,116.82,临邑县
875,54812,36.78,116.75,齐河县
876,54718,37.15,116.43,平原县
877,54803,36.98,116.02,夏津县
878,54709,37.22,116.07,武城县
879,54726,37.72,117.18,乐陵市
880,54811,36.93,116.63,禹城市
881,54807,36.13,115.8,阳谷县
882,54808,36.23,115.67,莘县
883,54814,36.58,116.22,茌平县
884,54815,36.33,116.23,东阿县
885,54805,36.48,115.45,冠县
886,54810,36.87,116.27,高唐县
887,54802,36.82,115.7,临清市
888,54725,37.48,117.53,惠民县
889,54723,37.65,117.57,阳信县
890,54722,37.75,117.62,无棣县
891,54730,37.68,118.13,沾化县
892,54737,37.15,118.15,博兴县
893,54822,36.9,117.73,邹平县
894,58002,34.83,115.57,曹县
895,58011,34.8,116.07,单县
896,58003,34.95,115.88,成武县
897,54914,35.42,116.1,巨野县
898,54905,35.6,115.92,郓城县
899,54904,35.58,115.52,鄄城县
900,54909,35.1,115.55,定陶县
901,54908,35.28,115.08,东明县
902,57090,34.72,113.97,中牟县
903,57080,34.73,112.97,巩义市
904,57081,34.8,113.43,荥阳市
905,57085,34.55,113.37,新密市
906,57086,34.38,113.72,新郑市
907,57082,34.47,113.02,登封市
908,57096,34.53,114.78,杞县
909,57191,34.48,114.48,通许县
910,57094,34.4,114.22,尉氏县
911,57093,34.85,114.82,兰考县
912,57071,34.82,112.43,孟津县
913,57070,34.73,112.12,新安县
914,57077,33.78,111.6,栾川县
915,57162,34.15,112.08,嵩县
916,57078,34.15,112.47,汝阳县
917,57065,34.5,112.18,宜阳县
918,57066,34.38,111.67,洛宁县
919,57074,34.42,112.42,伊川县
920,57076,34.72,112.82,偃师市
921,57181,33.88,113.05,宝丰县
922,57184,33.63,113.37,叶县
923,57173,33.75,112.88,鲁山县
924,57180,33.98,113.2,郏县
925,57177,33.33,113.53,舞钢市
926,57075,34.17,112.87,汝州市
927,53991,35.93,114.35,汤阴县
928,53995,35.55,114.5,滑县
929,53993,35.93,114.92,内黄县
930,53889,36.07,113.82,林州市
931,53992,35.65,114.52,浚县
932,53974,35.62,114.18,淇县
933,53988,35.27,113.67,获嘉县
934,53989,35.05,113.95,原阳县
935,53997,35.15,114.18,延津县
936,53983,35.03,114.42,封丘县
937,53998,35.2,114.65,长垣县
938,53994,35.38,114.07,卫辉市
939,53985,35.45,113.82,辉县市
940,53984,35.23,113.47,修武县
941,53979,35.18,113.05,博爱县
942,53987,35.1,113.42,武陟县
943,57079,34.95,113.03,温县
944,53978,35.08,112.63,济源市
945,53972,35.12,112.92,沁阳市
946,57072,34.92,112.75,孟州市
947,54902,35.9,115.12,清丰县
948,54901,36.08,115.17,南乐县
949,54903,35.85,115.48,范县
950,54817,35.98,115.87,台前县
951,57095,34.12,114.15,鄢陵县
952,57182,33.85,113.5,襄城县
953,57088,34.15,113.5,禹州市
954,57087,34.2,113.8,长葛市
955,57185,33.45,113.58,舞阳县
956,57183,33.8,113.92,临颍县
957,57063,34.77,111.77,渑池县
958,57067,34.05,111.03,卢氏县
959,57056,34.53,110.88,灵宝市
960,57176,33.48,112.42,南召县
961,57179,33.28,113.0,方城县
962,57156,33.3,111.5,西峡县
963,57175,33.05,112.23,镇平县
964,57169,33.05,111.87,内乡县
965,57261,33.13,111.5,淅川县
966,57187,33.07,112.93,社旗县
967,57273,32.68,112.85,唐河县
968,57271,32.55,112.38,新野县
969,57285,32.38,113.42,桐柏县
970,57274,32.7,112.12,邓州市
971,58004,34.65,115.15,民权县
972,58001,34.43,115.1,睢县
973,58008,34.47,115.33,宁陵县
974,58007,34.07,115.3,柘城县
975,58006,34.38,115.88,虞城县
976,58017,34.25,116.13,夏邑县
977,58111,33.97,116.45,永城市
978,57298,32.22,114.55,罗山县
979,57299,32.02,114.9,光山县
980,57396,31.63,114.85,新县
981,58301,31.82,115.38,商城县
982,58208,32.17,115.62,固始县
983,58207,32.17,115.05,潢川县
984,58205,32.47,115.43,淮滨县
985,57296,32.35,114.73,息县
986,57195,33.62,114.62,川汇区
987,57098,34.08,114.4,扶沟县
988,57193,33.78,114.52,西华县
989,57198,33.55,114.62,商水县
990,58104,33.4,115.07,沈丘县
991,58100,33.65,115.17,郸城县
992,57192,33.73,114.85,淮阳县
993,57099,34.07,114.85,太康县
994,58101,33.87,115.48,鹿邑县
995,57196,33.45,114.88,项城市
996,57188,33.37,114.03,西平县
997,57194,33.28,114.27,上蔡县
998,57292,32.97,114.63,平舆县
999,57295,32.62,114.35,正阳县
1000,57294,32.83,114.02,确山县
1001,57281,32.7,113.3,泌阳县
1002,57197,33.0,114.33,汝南县
1003,57189,33.13,113.95,遂平县
1004,57293,32.73,114.98,新蔡县
1005,57489,30.58,114.0,蔡甸区
1006,57493,30.33,114.33,江夏区
1007,57491,30.87,114.4,黄陂区
1008,57492,30.83,114.8,新洲区
1009,58407,30.23,115.03,黄石市
1010,58500,29.85,115.2,阳新县
1011,57499,30.1,114.97,大冶市
1012,57253,32.85,110.82,郧县
1013,57251,33.0,110.42,郧西县
1014,57257,32.23,110.23,竹山县
1015,57249,32.32,109.68,竹溪县
1016,57259,32.03,110.77,房县
1017,57260,32.57,111.52,丹江口市
1018,57453,30.77,111.32,夷陵区
1019,57368,31.07,111.63,远安县
1020,57359,31.35,110.73,兴山县
1021,57358,30.83,110.97,秭归县
1022,57464,30.47,111.18,长阳土家族自治县
1023,57458,30.2,110.67,五峰土家族自治县
1024,57465,30.38,111.45,宜都市
1025,57460,30.82,111.78,当阳市
1026,57466,30.43,111.75,枝江市
1027,57363,31.78,111.83,南漳县
1028,57268,32.27,111.63,谷城县
1029,57361,31.88,111.27,保康县
1030,57265,32.38,111.67,老河口市
1031,57279,32.15,112.75,枣阳市
1032,57370,31.73,112.22,宜城市
1033,57377,31.05,112.2,荆门市
1034,57387,31.02,113.12,京山县
1035,57378,31.17,112.57,钟祥市
1036,57386,31.15,114.0,孝昌县
1037,57395,31.57,114.12,大悟县
1038,57389,31.03,113.75,云梦县
1039,57481,30.95,113.57,应城市
1040,57388,31.27,113.7,安陆市
1041,57486,30.65,113.85,汉川市
1042,57477,30.07,112.22,公安县
1043,57573,29.83,112.9,监利县
1044,57571,29.7,112.38,石首市
1045,57581,29.82,113.45,洪湖市
1046,57469,30.18,111.77,松滋市
1047,57495,30.4,114.53,团风县
1048,57398,31.28,114.62,红安县
1049,58401,30.78,115.4,罗田县
1050,58402,30.73,115.67,英山县
1051,58404,30.45,115.25,浠水县
1052,58408,30.23,115.43,蕲春县
1053,58409,30.07,115.93,黄梅县
1054,57399,31.18,115.02,麻城市
1055,58501,29.95,115.63,武穴市
1056,57583,29.98,113.92,嘉鱼县
1057,57589,29.25,113.8,通城县
1058,57586,29.53,114.03,崇阳县
1059,57595,29.6,114.5,通山县
1060,57582,29.72,113.88,赤壁市
1061,57381,31.72,113.38,随州市
1062,57385,31.62,113.82,广水市
1063,57439,30.28,108.93,利川市
1064,57445,30.6,109.72,建始县
1065,57355,31.03,110.37,巴东县
1066,57541,30.0,109.48,宣恩县
1067,57540,29.68,109.15,咸丰县
1068,57545,29.52,109.42,来凤县
1069,57543,29.9,110.03,鹤峰县
1070,57485,30.37,113.43,仙桃市
1071,57475,30.4,112.9,潜江市
1072,57483,30.67,113.17,天门市
1073,57362,31.75,110.67,神农架林区
1074,57678,28.25,112.55,宁乡县
1075,57688,28.17,113.63,浏阳市
1076,57779,27.0,113.35,攸县
1077,57882,26.78,113.55,茶陵县
1078,57886,26.5,113.78,炎陵县
1079,57781,27.65,113.5,醴陵市
1080,57772,27.75,112.5,湘乡市
1081,57771,27.93,112.53,韶山市
1082,57776,27.3,112.7,南岳区
1083,57871,26.98,112.37,衡阳县
1084,57875,26.88,112.5,衡南县
1085,57777,27.23,112.87,衡山县
1086,57778,27.1,112.95,衡东县
1087,57870,26.8,112.1,祁东县
1088,57876,26.4,112.85,耒阳市
1089,57874,26.42,112.4,常宁市
1090,57769,27.23,111.73,邵东县
1091,57768,27.32,111.45,新邵县
1092,57860,27.0,111.28,邵阳县
1093,57767,27.12,111.03,隆回县
1094,57758,27.07,110.58,洞口县
1095,57846,26.58,110.15,绥宁县
1096,57851,26.45,110.85,新宁县
1097,57857,26.37,110.32,城步苗族自治县
1098,57853,26.73,110.63,武冈市
1099,57575,29.52,112.57,华容县
1100,57673,28.68,112.88,湘阴县
1101,57682,28.72,113.57,平江县
1102,57680,28.8,113.07,汨罗市
1103,57585,29.48,113.45,临湘市
1104,57577,29.4,112.17,安乡县
1105,57663,28.92,111.95,汉寿县
1106,57565,29.65,111.75,澧县
1107,57566,29.45,111.65,临澧县
1108,57661,28.92,111.48,桃源县
1109,57562,29.58,111.37,石门县
1110,57564,29.43,111.13,慈利县
1111,57554,29.4,110.17,桑植县
1112,57674,28.57,112.38,赫山区
1113,57574,29.37,112.4,南县
1114,57666,28.52,112.13,桃江县
1115,57669,28.38,111.22,安化县
1116,57671,28.85,112.37,沅江市
1117,57973,25.75,112.72,桂阳县
1118,57976,25.42,112.95,宜章县
1119,57887,26.13,113.12,永兴县
1120,57974,25.58,112.37,嘉禾县
1121,57978,25.28,112.55,临武县
1122,57985,25.57,113.68,汝城县
1123,57889,26.08,113.95,桂东县
1124,57881,26.72,113.25,安仁县
1125,57981,25.98,113.22,资兴市
1126,57865,26.42,111.57,冷水滩区
1127,57868,26.6,111.87,祁阳县
1128,57867,26.4,111.28,东安县
1129,57962,25.97,111.65,双牌县
1130,57965,25.53,111.6,道县
1131,57969,25.27,111.33,江永县
1132,57966,25.6,111.95,宁远县
1133,57975,25.38,112.2,蓝山县
1134,57971,25.92,112.2,新田县
1135,59063,25.18,111.45,江华瑶族自治县
1136,57655,28.47,110.4,沅陵县
1137,57658,28.02,110.2,辰溪县
1138,57752,27.92,110.6,溆浦县
1139,57842,26.88,109.72,会同县
1140,57743,27.88,109.8,麻阳苗族自治县
1141,57744,27.37,109.17,新晃侗族自治县
1142,57745,27.45,109.68,芷江侗族自治县
1143,57841,26.57,109.67,靖州苗族侗族自治县
1144,57845,26.17,109.78,通道侗族自治县
1145,57754,27.35,110.15,洪江市
1146,57774,27.45,112.17,双峰县
1147,57761,27.75,111.3,新化县
1148,57760,27.7,111.43,冷水江市
1149,57762,27.7,111.68,涟源市
1150,57657,28.23,110.2,泸溪县
1151,57740,27.95,109.6,凤凰县
1152,57640,28.58,109.45,花垣县
1153,57642,28.7,109.63,保靖县
1154,57646,28.62,109.95,古丈县
1155,57643,29.0,109.83,永顺县
1156,57544,29.47,109.45,龙山县
1157,59481,22.93,113.32,番禺区
1158,59284,23.38,113.22,花都区
1159,59294,23.33,113.83,增城市
1160,59285,23.55,113.58,从化市
1161,59090,24.95,114.07,始兴县
1162,57989,25.1,113.73,仁化县
1163,59094,24.37,114.12,翁源县
1164,59081,24.78,113.27,乳源瑶族自治县
1165,59097,24.05,114.2,新丰县
1166,57988,25.15,113.35,乐昌市
1167,57996,25.13,114.32,南雄市
1168,59487,22.23,113.3,斗门区
1169,59318,23.27,116.58,潮阳区
1170,59319,23.47,116.77,澄海区
1171,59324,23.43,117.03,南澳县
1172,59288,23.05,113.13,南海区
1173,59480,22.85,113.25,顺德区
1174,59279,23.18,112.87,三水区
1175,59476,22.53,113.03,新会区
1176,59478,22.25,112.78,台山市
1177,59475,22.37,112.68,开平市
1178,59473,22.77,112.97,鹤山市
1179,59477,22.18,112.3,恩平市
1180,59650,21.38,110.25,遂溪县
1181,59754,20.33,110.18,徐闻县
1182,59654,21.63,110.3,廉江市
1183,59750,20.92,110.1,雷州市
1184,59656,21.43,110.77,吴川市
1185,59664,21.53,110.98,电白县
1186,59653,21.93,110.85,高州市
1187,59655,21.65,110.62,化州市
1188,59456,22.35,110.93,信宜市
1189,59271,23.63,112.43,广宁县
1190,59270,23.92,112.18,怀集县
1191,59264,23.45,111.5,封开县
1192,59269,23.15,111.77,德庆县
1193,59278,23.03,112.45,高要市
1194,59276,23.35,112.68,四会市
1195,59298,23.08,114.42,惠阳区
1196,59297,23.18,114.28,博罗县
1197,59492,22.92,114.7,惠东县
1198,59290,23.73,114.23,龙门县
1199,59117,24.27,116.1,梅县
1200,59116,24.33,116.7,大埔县
1201,59310,23.77,116.18,丰顺县
1202,59303,23.93,115.77,五华县
1203,59106,24.58,115.9,平远县
1204,59114,24.65,116.17,蕉岭县
1205,59109,24.15,115.73,兴宁市
1206,59500,22.97,115.32,海丰县
1207,59502,22.95,115.65,陆丰市
1208,59293,23.8,114.73,河源市
1209,59304,23.63,115.18,紫金县
1210,59107,24.1,115.25,龙川县
1211,59096,24.37,114.48,连平县
1212,59099,24.45,114.93,和平县
1213,59469,22.17,111.78,阳春市
1214,59087,23.87,113.53,佛冈县
1215,59075,24.48,112.63,阳山县
1216,59074,24.57,112.15,连山壮族瑶族自治县
1217,59071,24.72,112.28,连南瑶族自治县
1218,59088,24.18,113.42,英德市
1219,59072,24.78,112.38,连州市
1220,59313,23.68,116.98,饶平县
1221,59315,23.57,116.38,揭阳市
1222,59306,23.43,115.83,揭西县
1223,59317,23.03,116.3,惠来县
1224,59314,23.3,116.13,普宁市
1225,59470,22.72,112.22,新兴县
1226,59268,23.25,111.53,郁南县
1227,59462,22.77,111.57,罗定市
1228,59435,22.77,108.48,邕宁区
1229,59237,23.17,108.28,武鸣县
1230,59229,23.18,107.7,隆安县
1231,59230,23.72,108.17,马山县
1232,59235,23.43,108.62,上林县
1233,59238,23.22,108.8,宾阳县
1234,59441,22.7,109.25,横县
1235,59047,24.25,109.33,柳江县
1236,59041,24.65,109.25,柳城县
1237,59045,24.48,109.75,鹿寨县
1238,57947,25.22,109.4,融安县
1239,57948,25.08,109.25,融水苗族自治县
1240,57941,25.78,109.6,三江侗族自治县
1241,57958,25.08,110.32,雁山区
1242,59051,24.77,110.5,阳朔县
1243,57954,25.23,110.18,临桂县
1244,57956,25.42,110.32,灵川县
1245,57960,25.93,111.07,全州县
1246,57955,25.62,110.67,兴安县
1247,57949,24.98,110.0,永福县
1248,57964,25.5,111.15,灌阳县
1249,57942,25.8,110.0,龙胜各族自治县
1250,57859,26.03,110.63,资源县
1251,59053,24.62,110.67,平乐县
1252,59052,24.83,110.82,恭城瑶族自治县
1253,59266,23.42,111.23,苍梧县
1254,59256,23.37,110.92,藤县
1255,59058,24.2,110.52,蒙山县
1256,59454,22.92,111.0,岑溪市
1257,59640,21.67,109.18,合浦县
1258,59631,21.78,108.35,防城区
1259,59429,22.15,107.97,上思县
1260,59626,21.53,107.97,东兴市
1261,59446,22.42,109.3,灵山县
1262,59448,22.27,109.55,浦北县
1263,59255,23.55,110.38,平南县
1264,59254,23.4,110.08,桂平市
1265,59452,22.85,110.53,容县
1266,59457,22.32,110.27,陆川县
1267,59449,22.27,109.98,博白县
1268,59451,22.7,110.35,北流市
1269,59213,23.73,106.92,田阳县
1270,59224,23.6,107.12,田东县
1271,59228,23.32,107.58,平果县
1272,59215,23.33,106.62,德保县
1273,59218,23.13,106.42,靖西县
1274,59209,23.42,105.83,那坡县
1275,59015,24.35,106.57,凌云县
1276,59012,24.78,106.55,乐业县
1277,59017,24.28,106.23,田林县
1278,59004,24.5,105.1,西林县
1279,59001,24.78,105.33,隆林各族自治县
1280,59065,24.42,111.53,八步区
1281,59059,24.18,110.8,昭平县
1282,59064,24.55,111.32,钟山县
1283,59061,24.82,111.27,富川瑶族自治县
1284,59022,24.98,107.55,南丹县
1285,57927,25.0,107.17,天峨县
1286,59021,24.55,107.03,凤山县
1287,59025,24.52,107.37,东兰县
1288,59033,24.78,108.9,罗城仫佬族自治县
1289,59031,24.83,108.25,环江毛南族自治县
1290,59027,24.13,107.25,巴马瑶族自治县
1291,59037,23.93,108.1,都安瑶族自治县
1292,59034,24.48,108.67,宜州市
1293,59038,24.07,108.65,忻城县
1294,59241,23.97,109.68,象州县
1295,59246,23.6,109.67,武宣县
1296,59057,24.13,110.18,金秀瑶族自治县
1297,59426,22.63,107.9,扶绥县
1298,59427,22.12,107.07,宁明县
1299,59417,22.33,106.85,龙州县
1300,59421,22.83,107.2,大新县
1301,59227,23.08,107.15,天等县
1302,59419,22.1,106.75,凭祥市
1303,59757,20.0,110.37,琼山区
1304,59941,18.77,109.52,五指山市
1305,59855,19.23,110.47,琼海市
1306,59845,19.52,109.58,儋州市
1307,59856,19.62,110.75,文昌市
1308,59951,18.8,110.37,万宁市
1309,59838,19.1,108.62,东方市
1310,59851,19.7,110.33,定安县
1311,59854,19.37,110.1,屯昌县
1312,59843,19.73,110.0,澄迈县
1313,59842,19.9,109.68,临高县
1314,59848,19.23,109.43,白沙黎族自治县
1315,59847,19.27,109.05,昌江黎族自治县
1316,59940,18.75,109.17,乐东黎族自治县
1317,59954,18.5,110.03,陵水黎族自治县
1318,59945,18.65,109.7,保亭黎族苗族自治县
1319,59849,19.03,109.83,琼中黎族苗族自治县
1320,59981,16.83,112.33,西沙群岛
1321,57432,30.77,108.4,万州区
1322,57522,29.75,107.42,涪陵区
1323,57516,29.58,106.47,沙坪坝区
1324,57511,29.85,106.45,北碚区
1325,57509,28.95,106.93,万盛区
1326,57513,29.73,106.62,渝北区
1327,57518,29.38,106.53,巴南区
1328,57536,29.53,108.78,黔江区
1329,57520,29.83,107.07,长寿区
1330,57612,29.02,106.65,綦江县
1331,57409,30.18,105.8,潼南县
1332,57510,29.85,106.05,铜梁县
1333,57502,29.7,105.7,大足县
1334,57505,29.42,105.6,荣昌县
1335,57514,29.58,106.22,璧山县
1336,57426,30.68,107.8,梁平县
1337,57333,31.95,108.67,城口县
1338,57523,29.85,107.73,丰都县
1339,57425,30.33,107.33,垫江县
1340,57525,29.32,107.75,武隆县
1341,57437,30.3,108.03,忠县
1342,57338,31.12,108.26,开县
1343,57339,30.95,108.68,云阳县
1344,57348,31.02,109.53,奉节县
1345,57349,31.07,109.87,巫山县
1346,57345,31.4,109.62,巫溪县
1347,57438,29.98,108.12,石柱土家族自治县
1348,57635,28.45,108.98,秀山土家族苗族自治县
1349,57633,28.83,108.77,酉阳土家族苗族自治县
1350,57537,29.3,108.17,彭水苗族土家族自治县
1351,56286,30.55,104.25,龙泉驿区
1352,56290,30.83,104.15,新都区
1353,56187,30.7,103.83,温江区
1354,56296,30.85,104.43,金堂县
1355,56288,30.58,103.92,双流县
1356,56272,30.82,103.88,郫县
1357,56285,30.6,103.52,大邑县
1358,56281,30.18,103.5,蒲江县
1359,56276,30.45,103.82,新津县
1360,56188,31.0,103.67,都江堰市
1361,56189,30.98,103.93,彭州市
1362,56284,30.42,103.48,邛崃市
1363,56181,30.63,103.67,崇州市
1364,56396,29.35,104.77,自贡市
1365,56394,29.45,104.43,荣县
1366,56399,29.18,104.98,富顺县
1367,56674,26.5,101.73,仁和区
1368,56670,26.9,102.12,米易县
1369,56665,26.68,101.85,盐边县
1370,57604,28.78,105.38,纳溪区
1371,57508,29.15,105.37,泸县
1372,57603,28.82,105.83,合江县
1373,57608,28.17,105.43,叙永县
1374,57605,28.03,105.82,古蔺县
1375,56199,31.03,104.68,中江县
1376,56291,30.97,104.28,广汉市
1377,56197,31.13,104.18,什邡市
1378,56186,31.33,104.2,绵竹市
1379,57307,31.1,105.08,三台县
1380,57308,31.22,105.38,盐亭县
1381,56190,31.55,104.55,安县
1382,57304,31.67,105.17,梓潼县
1383,56194,31.83,104.47,北川羌族自治县
1384,56193,32.42,104.52,平武县
1385,56195,31.78,104.73,江油市
1386,57217,32.23,106.28,旺苍县
1387,57204,32.58,105.23,青川县
1388,57208,32.02,105.47,剑阁县
1389,57303,31.73,105.92,苍溪县
1390,57402,30.77,105.7,蓬溪县
1391,57401,30.87,105.22,射洪县
1392,57503,29.62,105.12,东兴区
1393,56395,29.52,104.67,威远县
1394,56393,29.77,104.85,资中县
1395,57507,29.33,105.3,隆昌县
1396,56389,29.2,103.95,犍为县
1397,56390,29.67,104.07,井研县
1398,56382,29.73,103.6,夹江县
1399,56490,28.95,103.9,沐川县
1400,56387,29.23,103.27,峨边彝族自治县
1401,56480,28.83,103.55,马边彝族自治县
1402,56385,29.52,103.33,峨眉山市
1403,57411,30.78,106.1,高坪区
1404,57314,31.35,106.07,南部县
1405,57318,31.07,106.55,营山县
1406,57317,31.03,106.42,蓬安县
1407,57315,31.53,106.4,仪陇县
1408,57309,30.98,105.88,西充县
1409,57306,31.58,105.97,阆中市
1410,56297,30.02,104.15,仁寿县
1411,56289,30.2,103.87,彭山县
1412,56380,29.92,103.37,洪雅县
1413,56381,30.02,103.52,丹棱县
1414,56383,29.83,103.83,青神县
1415,56493,28.85,104.97,南溪县
1416,57600,28.72,105.07,江安县
1417,56593,28.58,104.92,长宁县
1418,56592,28.43,104.52,高县
1419,56499,28.38,104.78,珙县
1420,56498,28.17,104.5,筠连县
1421,56496,28.32,105.23,兴文县
1422,56494,28.65,104.15,屏山县
1423,57414,30.55,106.45,岳池县
1424,57417,30.35,106.28,武胜县
1425,57416,30.33,106.93,邻水县
1426,57328,31.2,107.5,达县
1427,57326,31.37,107.72,宣汉县
1428,57329,31.08,107.85,开江县
1429,57420,30.75,107.2,大竹县
1430,57413,30.85,106.97,渠县
1431,57237,32.07,108.03,万源市
1432,56280,30.08,103.12,名山县
1433,56373,29.78,102.85,荥经县
1434,56376,29.35,102.68,汉源县
1435,56378,29.23,102.35,石棉县
1436,56278,30.07,102.77,天全县
1437,56279,30.15,102.93,芦山县
1438,56273,30.38,102.82,宝兴县
1439,57320,31.93,107.23,通江县
1440,57216,32.35,106.83,南江县
1441,57324,31.58,107.08,平昌县
1442,57408,30.12,105.35,安岳县
1443,57407,30.28,105.03,乐至县
1444,56295,30.38,104.55,简阳市
1445,56183,31.47,103.58,汶川县
1446,56184,31.43,103.17,理县
1447,56180,31.68,103.85,茂县
1448,56182,32.65,103.57,松潘县
1449,56097,33.27,104.23,九寨沟县
1450,56168,31.48,102.07,金川县
1451,56178,31.0,102.35,小金县
1452,56185,32.08,102.98,黑水县
1453,56172,31.9,102.23,马尔康县
1454,56164,32.27,100.98,壤塘县
1455,56171,32.9,101.7,阿坝县
1456,56079,33.58,102.97,若尔盖县
1457,56173,32.8,102.55,红原县
1458,56374,30.05,101.97,康定县
1459,56371,29.92,102.23,泸定县
1460,56263,30.88,101.88,丹巴县
1461,56462,29.0,101.5,九龙县
1462,56267,30.03,101.02,雅江县
1463,56167,30.98,101.12,道孚县
1464,56158,31.4,100.67,炉霍县
1465,56146,31.62,100.0,甘孜县
1466,56251,30.93,100.32,新龙县
1467,56144,31.8,98.58,德格县
1468,56147,31.22,98.83,白玉县
1469,56038,32.98,98.1,石渠县
1470,56152,32.28,100.33,色达县
1471,56257,30.0,100.27,理塘县
1472,56247,30.0,99.1,巴塘县
1473,56443,28.93,99.8,乡城县
1474,56357,29.05,100.3,稻城县
1475,56441,28.72,99.28,得荣县
1476,56571,27.9,102.27,西昌市
1477,56459,27.93,101.27,木里藏族自治县
1478,56565,27.43,101.52,盐源县
1479,56569,27.42,102.18,德昌县
1480,56671,26.65,102.25,会理县
1481,56675,26.65,102.58,会东县
1482,56578,27.07,102.75,宁南县
1483,56575,27.37,102.55,普格县
1484,56580,27.72,102.8,布拖县
1485,56584,27.7,103.25,金阳县
1486,56479,28.0,102.85,昭觉县
1487,56478,28.3,102.43,喜德县
1488,56474,28.55,102.17,冕宁县
1489,56475,28.65,102.52,越西县
1490,56473,28.95,102.77,甘洛县
1491,56487,28.33,103.13,美姑县
1492,56485,28.27,103.58,雷波县
1493,57914,26.42,106.67,花溪区
1494,57915,26.63,106.77,乌当区
1495,57911,26.67,106.65,白云区
1496,57719,27.07,106.97,开阳县
1497,57718,27.1,106.73,息烽县
1498,57811,26.85,106.6,修文县
1499,57813,26.57,106.47,清镇市
1500,57807,26.2,105.47,六枝特区
1501,56693,26.58,104.87,水城县
1502,56793,25.72,104.47,盘县
1503,57712,27.44,106.57,汇川区
1504,57717,27.53,106.82,遵义县
1505,57606,28.13,106.83,桐梓县
1506,57720,27.88,107.17,绥阳县
1507,57625,28.55,107.45,正安县
1508,57623,28.88,107.6,道真仡佬族苗族自治县
1509,57634,28.52,107.88,务川仡佬族苗族自治县
1510,57723,27.98,107.72,凤冈县
1511,57722,27.77,107.47,湄潭县
1512,57729,27.23,107.88,余庆县
1513,57614,28.33,106.22,习水县
1514,57609,28.58,105.7,赤水市
1515,57710,27.8,106.4,仁怀市
1516,57814,26.42,106.27,平坝县
1517,57808,26.32,105.75,普定县
1518,57809,26.05,105.77,镇宁布依族苗族自治县
1519,57903,25.93,105.6,关岭布依族苗族自治县
1520,57910,25.77,106.08,紫云苗族布依族自治县
1521,57736,27.7,108.85,江口县
1522,57739,27.23,108.88,玉屏侗族自治县
1523,57734,27.57,108.23,石阡县
1524,57731,27.95,108.25,思南县
1525,57732,28.02,108.4,印江土家族苗族自治县
1526,57637,28.25,108.12,德江县
1527,57636,28.57,108.5,沿河土家族自治县
1528,57647,28.15,109.18,松桃苗族自治县
1529,57742,27.52,109.2,万山特区
1530,57902,25.43,105.18,兴仁县
1531,56792,25.78,104.97,普安县
1532,57900,25.83,105.22,晴隆县
1533,57905,25.4,105.63,贞丰县
1534,57906,25.18,106.08,望谟县
1535,57909,24.98,105.82,册亨县
1536,57908,25.12,105.48,安龙县
1537,57708,27.15,105.6,大方县
1538,57803,27.03,106.02,黔西县
1539,57714,27.47,106.23,金沙县
1540,57805,26.68,105.77,织金县
1541,57800,26.77,105.37,纳雍县
1542,56691,26.87,104.28,威宁彝族回族苗族自治
1543,56598,27.13,104.73,赫章县
1544,57822,26.9,107.9,黄平县
1545,57737,27.03,108.12,施秉县
1546,57832,26.97,108.67,三穗县
1547,57738,27.05,108.42,镇远县
1548,57735,27.18,108.82,岑巩县
1549,57840,26.9,109.2,天柱县
1550,57844,26.68,109.18,锦屏县
1551,57835,26.72,108.43,剑河县
1552,57834,26.68,108.3,台江县
1553,57839,26.23,109.15,黎平县
1554,57932,25.97,108.53,榕江县
1555,57936,25.75,108.92,从江县
1556,57837,26.4,108.07,雷山县
1557,57828,26.5,107.58,麻江县
1558,57829,26.2,107.8,丹寨县
1559,57821,26.7,107.5,福泉市
1560,57926,25.42,107.88,荔波县
1561,57824,26.58,107.23,贵定县
1562,57728,27.07,107.47,瓮安县
1563,57922,25.83,107.55,独山县
1564,57921,25.83,107.32,平塘县
1565,57916,25.43,106.77,罗甸县
1566,57818,26.03,106.45,长顺县
1567,57913,26.45,106.98,龙里县
1568,57912,26.13,106.63,惠水县
1569,57923,25.98,107.87,三都水族自治县
1570,56688,26.1,103.17,东川区
1571,56882,24.88,102.8,呈贡县
1572,56871,24.65,102.6,晋宁县
1573,56772,25.23,102.5,富民县
1574,56880,24.92,103.17,宜良县
1575,56881,24.73,103.27,石林彝族自治县
1576,56785,25.33,103.03,嵩明县
1577,56775,25.55,102.45,禄劝彝族苗族自治县
1578,56781,25.55,103.27,寻甸回族彝族自治县
1579,56863,24.93,102.48,安宁市
1580,56782,25.42,103.55,马龙县
1581,56788,25.03,103.67,陆良县
1582,56883,24.83,103.98,师宗县
1583,56891,24.98,104.32,罗平县
1584,56790,25.67,104.25,富源县
1585,56684,26.42,103.28,会泽县
1586,56786,25.58,103.83,沾益县
1587,56697,26.22,104.08,宣威市
1588,56876,24.28,102.77,江川县
1589,56873,24.67,102.9,澄江县
1590,56878,24.13,102.75,通海县
1591,56879,24.2,102.92,华宁县
1592,56870,24.67,102.17,易门县
1593,56898,24.18,102.4,峨山彝族自治县
1594,56869,24.07,101.97,新平彝族傣族自治县
1595,56966,23.6,101.98,元江哈尼族彝族傣族自
1596,56842,24.73,99.18,施甸县
1597,56739,25.02,98.5,腾冲县
1598,56841,24.6,98.68,龙陵县
1599,56843,24.83,99.62,昌宁县
1600,56585,27.18,103.53,鲁甸县
1601,56673,26.92,102.92,巧家县
1602,56497,28.1,104.23,盐津县
1603,56582,27.75,103.9,大关县
1604,56489,28.23,103.63,永善县
1605,56483,28.6,103.95,绥江县
1606,56595,27.43,104.87,镇雄县
1607,56594,27.63,104.05,彝良县
1608,56596,27.85,105.05,威信县
1609,56652,26.68,100.75,永胜县
1610,56664,26.63,101.27,华坪县
1611,56567,27.3,100.85,宁蒗彝族自治县
1612,56961,23.03,101.05,普洱哈尼族彝族自治县
1613,56962,23.42,101.67,墨江哈尼族自治县
1614,56856,24.47,100.87,景东彝族自治县
1615,56952,23.5,100.7,景谷傣族彝族自治县
1616,56867,23.98,101.12,镇沅彝族哈尼族拉祜族
1617,56977,22.58,101.85,江城哈尼族彝族自治县
1618,56949,22.32,99.6,孟连傣族拉祜族佤族自
1619,56954,22.57,99.93,澜沧拉祜族自治县
1620,56948,22.63,99.6,西盟佤族自治县
1621,56846,24.58,99.93,凤庆县
1622,56854,24.45,100.13,云县
1623,56849,24.03,99.23,永德县
1624,56839,23.77,98.82,镇康县
1625,56950,23.47,99.8,双江拉祜族佤族布朗族
1626,56946,23.55,99.4,耿马傣族佤族自治县
1627,56944,23.15,99.27,沧源佤族自治县
1628,56862,24.68,101.6,双柏县
1629,56766,25.33,101.52,牟定县
1630,56767,25.18,101.28,南华县
1631,56764,25.53,101.23,姚安县
1632,56761,25.72,101.32,大姚县
1633,56669,26.05,101.67,永仁县
1634,56763,25.73,101.87,元谋县
1635,56774,25.53,102.42,武定县
1636,56777,25.15,102.07,禄丰县
1637,56982,23.7,103.25,开远市
1638,56985,23.38,103.38,蒙自县
1639,56986,22.98,103.68,屏边苗族自治县
1640,56973,23.62,102.83,建水县
1641,56970,23.7,102.48,石屏县
1642,56885,24.4,103.45,弥勒县
1643,56886,24.53,103.77,泸西县
1644,56976,23.23,102.83,元阳县
1645,56975,23.37,102.43,红河县
1646,56987,22.78,103.23,金平苗族瑶族傣族自治
1647,56978,23.0,102.42,绿春县
1648,56989,22.5,103.95,河口瑶族自治县
1649,56994,23.38,104.25,文山县
1650,56991,23.62,104.33,砚山县
1651,56992,23.45,104.7,西畴县
1652,56996,23.13,104.7,麻栗坡县
1653,56995,23.03,104.42,马关县
1654,56889,24.05,104.17,丘北县
1655,59007,24.07,105.07,广南县
1656,59205,23.65,105.63,富宁县
1657,56959,22.0,100.78,景洪市
1658,56958,21.92,100.42,勐海县
1659,56969,21.48,101.57,勐腊县
1660,56745,25.68,99.95,漾濞彝族自治县
1661,56756,25.48,100.58,祥云县
1662,56752,25.83,100.57,宾川县
1663,56755,25.35,100.48,弥渡县
1664,56851,25.05,100.53,南涧彝族自治县
1665,56757,25.27,100.28,巍山彝族回族自治县
1666,56746,25.47,99.52,永平县
1667,56742,25.9,99.37,云龙县
1668,56649,26.12,99.97,洱源县
1669,56646,26.53,99.92,剑川县
1670,56654,26.58,100.18,鹤庆县
1671,56844,24.43,98.58,潞西市
1672,56836,24.7,97.95,盈江县
1673,56835,24.07,97.82,陇川县
1674,56741,25.98,98.82,泸水县
1675,56641,26.9,98.87,福贡县
1676,56533,27.75,98.67,贡山独龙族怒族自治县
1677,56645,26.42,99.42,兰坪白族普米族自治县
1678,56543,27.83,99.7,香格里拉县
1679,56444,28.48,98.92,德钦县
1680,56548,27.17,99.28,维西傈僳族自治县
1681,55493,30.48,91.1,当雄县
1682,55585,29.43,90.17,尼木县
1683,55593,29.85,91.73,墨竹工卡县
1684,56137,31.15,97.17,昌都县
1685,56128,31.22,96.6,类乌齐县
1686,56116,31.42,95.6,丁青县
1687,56228,30.05,96.92,八宿县
1688,56331,29.67,97.83,左贡县
1689,56342,29.68,98.6,芒康县
1690,56223,30.75,95.83,洛隆县
1691,55589,29.3,90.98,贡嘎县
1692,55597,29.03,91.68,琼结县
1693,56307,29.15,92.58,加查县
1694,55696,28.42,92.47,隆子县
1695,55690,27.98,91.95,错那县
1696,55681,28.97,90.4,浪卡子县
1697,55572,29.68,89.1,南木林县
1698,55680,28.92,89.6,江孜县
1699,55664,28.63,87.08,定日县
1700,55569,29.08,87.6,拉孜县
1701,55655,28.18,85.97,聂拉木县
1702,55299,31.48,92.07,那曲县
1703,56202,30.67,93.28,嘉黎县
1704,56109,31.48,93.78,比如县
1705,55294,32.35,91.1,安多县
1706,55472,30.95,88.63,申扎县
1707,56106,31.88,93.78,索县
1708,55279,31.38,90.02,班戈县
1709,55437,30.28,81.25,普兰县
1710,55248,32.15,84.42,改则县
1711,56312,29.67,94.33,林芝县
1712,56317,29.22,94.22,米林县
1713,56227,29.87,95.77,波密县
1714,56434,28.65,97.47,察隅县
1715,57044,34.4,109.23,临潼区
1716,57039,34.15,108.92,长安区
1717,57047,34.17,109.32,蓝田县
1718,57032,34.1,108.2,周至县
1719,57132,34.12,108.62,户县
1720,57040,34.52,109.08,高陵县
1721,53945,35.43,109.07,宜君县
1722,57025,34.52,107.38,凤翔县
1723,57024,34.45,107.65,岐山县
1724,57026,34.37,107.88,扶风县
1725,57027,34.27,107.73,眉县
1726,57003,34.9,106.83,陇县
1727,57021,34.65,107.13,千阳县
1728,57022,34.68,107.78,麟游县
1729,57113,33.9,106.53,凤县
1730,57028,34.03,107.32,太白县
1731,57048,34.4,108.72,秦都区
1732,57123,34.17,108.04,杨凌区
1733,57041,34.63,108.92,三原县
1734,57033,34.55,108.82,泾阳县
1735,57035,34.55,108.23,乾县
1736,57029,34.5,108.48,礼泉县
1737,57030,34.7,108.15,永寿县
1738,57023,35.03,108.1,彬县
1739,53929,35.2,107.8,长武县
1740,53938,35.17,108.3,旬邑县
1741,57031,34.82,108.55,淳化县
1742,57034,34.25,108.22,武功县
1743,57038,34.28,108.45,兴平市
1744,57049,34.52,109.73,华县
1745,57054,34.55,110.23,潼关县
1746,57043,34.8,109.97,大荔县
1747,53950,35.23,110.15,合阳县
1748,53949,35.18,109.92,澄城县
1749,53948,34.95,109.58,蒲城县
1750,53941,35.18,109.58,白水县
1751,57042,34.78,109.18,富平县
1752,53955,35.47,110.45,韩城市
1753,57055,34.55,110.08,华阴市
1754,53854,36.58,110.07,延长县
1755,53850,36.88,110.18,延川县
1756,53748,37.18,109.7,子长县
1757,53841,36.88,109.32,安塞县
1758,53832,36.77,108.77,志丹县
1759,53738,36.92,108.17,吴旗县
1760,53848,36.27,109.35,甘泉县
1761,53931,36.0,109.38,富县
1762,53942,35.82,109.5,洛川县
1763,53857,36.07,110.18,宜川县
1764,53946,35.6,109.82,黄龙县
1765,53944,35.72,109.25,黄陵县
1766,57213,33.0,106.93,南郑县
1767,57128,33.17,107.33,城固县
1768,57126,33.22,107.55,洋县
1769,57129,32.98,107.72,西乡县
1770,57119,33.17,106.7,勉县
1771,57211,32.83,106.25,宁强县
1772,57106,33.32,106.15,略阳县
1773,57238,32.53,107.9,镇巴县
1774,57124,33.63,106.93,留坝县
1775,57134,33.52,107.98,佛坪县
1776,53651,38.82,110.43,神木县
1777,53567,39.03,111.08,府谷县
1778,53740,37.93,109.23,横山县
1779,53735,37.62,108.8,靖边县
1780,53725,37.58,107.58,定边县
1781,53754,37.5,110.22,绥德县
1782,53750,37.77,110.18,米脂县
1783,53658,38.03,110.48,佳县
1784,53756,37.52,110.72,吴堡县
1785,53757,37.12,110.12,清涧县
1786,53751,37.6,110.05,子洲县
1787,57233,32.9,108.5,汉阴县
1788,57232,33.05,108.27,石泉县
1789,57137,33.32,108.32,宁陕县
1790,57231,32.53,108.53,紫阳县
1791,57247,32.32,108.9,岚皋县
1792,57248,32.4,109.33,平利县
1793,57343,31.9,109.53,镇坪县
1794,57242,32.85,109.37,旬阳县
1795,57254,32.82,110.12,白河县
1796,57057,34.1,110.15,洛南县
1797,57153,33.68,110.33,丹凤县
1798,57154,33.53,110.9,商南县
1799,57155,33.55,109.87,山阳县
1800,57144,33.43,109.15,镇安县
1801,57140,33.67,109.12,柞水县
1802,52885,36.75,103.25,永登县
1803,52884,36.35,103.93,皋兰县
1804,52983,35.87,104.15,榆中县
1805,52674,38.23,101.97,永昌县
1806,52895,36.57,104.68,靖远县
1807,52993,35.68,105.07,会宁县
1808,52797,37.18,104.05,景泰县
1809,57011,34.75,106.15,清水县
1810,57002,34.85,105.65,秦安县
1811,57001,34.75,105.33,甘谷县
1812,57004,34.73,104.88,武山县
1813,57012,34.98,106.2,张家川回族自治县
1814,52681,38.63,103.08,民勤县
1815,52784,37.48,102.9,古浪县
1816,52881,36.59,103.11,天祝藏族自治县
1817,52643,38.83,99.62,肃南裕固族自治县
1818,52656,38.45,100.82,民乐县
1819,52557,39.15,100.17,临泽县
1820,52546,39.37,99.83,高台县
1821,52661,38.8,101.08,山丹县
1822,53915,35.55,106.67,崆峒区
1823,53926,35.33,107.35,泾川县
1824,53924,35.07,107.62,灵台县
1825,53928,35.3,107.02,崇信县
1826,53927,35.2,106.62,华亭县
1827,53917,35.22,106.05,庄浪县
1828,53906,35.52,105.72,静宁县
1829,52447,40.0,98.9,金塔县
1830,52515,39.52,94.88,肃北蒙古族自治县
1831,52418,40.15,94.68,敦煌市
1832,53923,35.73,107.63,西峰区
1833,53829,35.98,107.9,庆城县
1834,53821,36.58,107.3,环县
1835,53930,36.45,107.98,华池县
1836,53934,35.82,108.02,合水县
1837,53935,35.5,108.35,正宁县
1838,53937,35.52,107.92,宁县
1839,53925,35.68,107.18,镇原县
1840,52995,35.58,104.62,安定区
1841,53908,35.22,105.23,通渭县
1842,56092,35.0,104.65,陇西县
1843,52998,35.13,104.2,渭源县
1844,52986,35.35,103.85,临洮县
1845,56091,34.85,104.45,漳县
1846,56093,34.43,104.02,岷县
1847,56096,33.4,104.92,武都区
1848,57102,33.75,105.72,成县
1849,56192,32.95,104.67,文县
1850,56095,34.03,104.38,宕昌县
1851,57105,33.33,105.6,康县
1852,57008,34.03,105.3,西和县
1853,57007,34.18,105.18,礼县
1854,57110,33.78,106.08,徽县
1855,57111,33.92,106.3,两当县
1856,52988,35.37,103.72,康乐县
1857,52980,35.97,103.3,永靖县
1858,52982,35.48,103.57,广河县
1859,52985,35.42,103.33,和政县
1860,52981,35.67,103.4,东乡族自治县
1861,56081,34.7,103.35,临潭县
1862,56082,34.58,103.5,卓尼县
1863,56094,33.78,104.37,舟曲县
1864,56084,34.07,103.22,迭部县
1865,56074,34.0,102.08,玛曲县
1866,56071,34.58,102.5,碌曲县
1867,52978,35.2,102.52,夏河县
1868,52862,36.95,101.68,大通回族土族自治县
1869,52869,36.52,101.57,湟中县
1870,52855,36.68,101.23,湟源县
1871,52875,36.5,102.1,平安县
1872,52876,36.32,102.85,民和回族土族自治县
1873,52874,36.48,102.38,乐都县
1874,52863,36.82,101.95,互助土族自治县
1875,52877,36.1,102.27,化隆回族自治县
1876,52972,35.83,102.55,循化撒拉族自治县
1877,52765,37.38,101.62,门源回族自治县
1878,52657,38.18,100.25,祁连县
1879,52853,36.92,100.98,海晏县
1880,52754,37.33,100.13,刚察县
1881,52974,35.52,102.02,同仁县
1882,52963,35.93,102.03,尖扎县
1883,52968,35.03,101.47,泽库县
1884,56065,34.73,101.6,河南蒙古族自治县
1885,52856,36.27,100.62,共和县
1886,52957,35.25,100.58,同德县
1887,52868,36.03,101.43,贵德县
1888,52943,35.58,99.98,兴海县
1889,52955,35.58,100.75,贵南县
1890,56043,34.47,100.25,玛沁县
1891,56151,32.93,100.75,班玛县
1892,56045,33.97,99.9,甘德县
1893,56046,33.75,99.65,达日县
1894,56067,33.43,101.48,久治县
1895,56033,34.92,98.22,玛多县
1896,56029,33.02,97.02,玉树县
1897,56018,32.9,95.3,杂多县
1898,56016,33.85,95.6,治多县
1899,56125,32.2,96.48,囊谦县
1900,56021,34.13,95.78,曲麻莱县
1901,52818,36.42,94.9,格尔木市
1902,52737,37.37,97.37,德令哈市
1903,52833,36.92,98.48,乌兰县
1904,52836,36.3,98.1,都兰县
1905,52745,37.3,99.03,天峻县
1906,53618,38.28,106.25,永宁县
1907,53610,38.57,106.35,贺兰县
1908,53619,38.12,106.3,灵武市
1909,53519,39.22,106.77,惠农区
1910,53611,38.9,106.55,平罗县
1911,53723,37.8,107.38,盐池县
1912,53810,36.97,105.9,同心县
1913,53617,38.03,106.08,青铜峡市
1914,53903,35.97,105.72,西吉县
1915,53914,35.62,106.12,隆德县
1916,53916,35.5,106.32,泾源县
1917,53913,35.51,106.37,彭阳县
1918,53705,37.48,105.68,中宁县
1919,53806,36.57,105.65,海原县
1920,51477,43.35,88.32,达坂城区
1921,51243,45.62,84.85,克拉玛依市
1922,51573,42.93,89.2,吐鲁番市
1923,51581,42.85,90.23,鄯善县
1924,51571,42.8,88.63,托克逊县
1925,52101,43.6,93.05,巴里坤哈萨克自治县
1926,52118,43.27,94.7,伊吾县
1927,51377,44.17,87.92,阜康市
1928,51369,43.97,87.65,米泉市
1929,51367,44.13,86.82,呼图壁县
1930,51359,44.32,86.2,玛纳斯县
1931,51379,44.02,89.57,奇台县
1932,51378,44.02,89.17,吉木萨尔县
1933,51482,43.83,90.28,木垒哈萨克自治县
1934,51334,44.6,82.9,精河县
1935,51330,44.97,81.02,温泉县
1936,51656,41.75,86.13,库尔勒市
1937,51642,41.78,84.25,轮台县
1938,51655,41.35,86.27,尉犁县
1939,51777,39.03,88.17,若羌县
1940,51855,38.15,85.55,且末县
1941,51567,42.08,86.57,焉耆回族自治县
1942,51559,42.32,86.4,和静县
1943,51568,42.25,86.8,和硕县
1944,51629,41.27,80.23,温宿县
1945,51644,41.72,82.97,库车县
1946,51639,41.23,82.78,沙雅县
1947,51636,41.53,82.62,新和县
1948,51633,41.78,81.9,拜城县
1949,51627,41.22,79.23,乌什县
1950,51722,40.65,80.4,阿瓦提县
1951,51720,40.5,79.05,柯坪县
1952,51708,39.15,75.95,阿克陶县
1953,51711,40.93,78.45,阿合奇县
1954,51705,39.72,75.25,乌恰县
1955,51802,38.93,76.17,英吉沙县
1956,51815,38.2,77.27,泽普县
1957,51811,38.43,77.27,莎车县
1958,51814,37.92,77.4,叶城县
1959,51810,38.92,77.63,麦盖提县
1960,51717,39.25,76.78,岳普湖县
1961,51707,39.5,76.73,伽师县
1962,51716,39.8,78.57,巴楚县
1963,51804,37.77,75.23,塔什库尔干塔吉克自治
1964,51827,37.28,79.72,墨玉县
1965,51818,37.62,78.28,皮山县
1966,51829,37.08,80.17,洛浦县
1967,51826,37.02,80.8,策勒县
1968,51931,36.85,81.65,于田县
1969,51839,37.07,82.72,民丰县
1970,51434,43.97,81.53,伊宁县
1971,51430,43.83,81.15,察布查尔锡伯自治县
1972,51329,44.05,80.85,霍城县
1973,51435,43.47,82.23,巩留县
1974,51436,43.45,83.3,新源县
1975,51437,43.15,81.13,昭苏县
1976,51438,43.18,81.77,特克斯县
1977,51433,43.8,82.52,尼勒克县
1978,51346,44.43,84.67,乌苏市
1979,51145,46.55,83.65,额敏县
1980,51357,44.33,85.62,沙湾县
1981,51241,45.93,83.6,托里县
1982,51137,46.2,82.93,裕民县
1983,51156,46.78,85.72,和布克赛尔蒙古自治县
1984,51060,47.7,86.87,布尔津县
1985,51087,46.98,89.52,富蕴县
1986,51068,47.12,87.47,福海县
1987,51053,48.05,86.4,哈巴河县
1988,51186,46.67,90.38,青河县
1989,51059,47.43,85.87,吉木乃县
1990,51356,44.32,86.05,石河子市
1991,51730,40.55,81.27,阿拉尔市
